"Date","Price","Open","High","Low","Vol.","Change %"
"12/30/2022","132.93","134.15","134.19","132.72","380.11K","-0.79%"
"12/29/2022","133.99","133.50","134.42","133.35","309.23K","0.35%"
"12/28/2022","133.52","133.48","134.11","133.29","347.55K","0.05%"
"12/27/2022","133.45","134.69","134.75","133.25","298.02K","-1.11%"
"12/23/2022","134.95","135.38","135.41","134.62","317.81K","-0.27%"
"12/22/2022","135.31","135.86","136.20","134.98","395.32K","-0.42%"
"12/21/2022","135.88","135.84","136.32","135.60","449.48K","-0.02%"
"12/20/2022","135.91","137.20","137.22","135.78","591.65K","-0.90%"
"12/19/2022","137.15","137.57","137.76","136.81","444.31K","-0.20%"
"12/16/2022","137.43","138.46","138.62","136.96","861.13K","-0.88%"
"12/15/2022","138.65","140.06","140.78","138.12","1.08M","-1.28%"
"12/14/2022","140.45","140.62","141.06","139.65","736.38K","-0.28%"
"12/13/2022","140.84","140.17","141.70","139.77","717.72K","0.26%"
"12/12/2022","140.48","140.41","141.17","139.96","477.78K","-0.03%"
"12/09/2022","140.52","141.61","141.94","140.35","592.72K","-1.56%"
"12/08/2022","142.74","142.79","142.96","142.49","9.06K","0.07%"
"12/07/2022","142.64","142.76","143.38","142.17","117.68K","0.00%"
"12/06/2022","142.64","141.85","143.02","141.35","778.63K","0.61%"
"12/05/2022","141.77","142.06","142.47","141.46","1.13M","-0.08%"
"12/02/2022","141.89","142.65","143.18","141.74","1.22M","-0.38%"
"12/01/2022","142.43","141.86","142.77","141.67","1.50M","1.10%"
"11/30/2022","140.88","141.01","141.70","140.50","944.93K","-0.35%"
"11/29/2022","141.38","140.37","141.74","140.08","810.58K","0.68%"
"11/28/2022","140.42","140.80","141.42","139.78","610.24K","-0.05%"
"11/25/2022","140.49","142.03","142.03","140.34","560.17K","-1.16%"
"11/24/2022","142.14","141.20","142.60","141.20","515.88K","0.70%"
"11/23/2022","141.15","140.47","141.30","139.77","705.16K","0.54%"
"11/22/2022","140.39","140.06","140.64","139.89","520.57K","-0.02%"
"11/21/2022","140.42","140.14","140.88","139.55","513.83K","0.17%"
"11/18/2022","140.18","140.01","140.50","139.17","531.38K","0.12%"
"11/17/2022","140.01","140.70","141.09","139.73","701.19K","-0.26%"
"11/16/2022","140.38","139.71","140.86","138.70","763.84K","0.75%"
"11/15/2022","139.33","138.62","139.92","138.38","842.09K","0.57%"
"11/14/2022","138.54","138.41","139.26","138.26","541.01K","0.01%"
"11/11/2022","138.52","140.32","140.38","138.40","601.22K","-1.41%"
"11/10/2022","140.50","138.57","140.72","137.97","891.49K","1.66%"
"11/09/2022","138.20","137.10","138.46","136.92","717.50K","0.81%"
"11/08/2022","137.09","136.14","137.32","135.76","673.54K","0.47%"
"11/07/2022","136.45","136.83","137.16","136.08","545.09K","-0.20%"
"11/04/2022","136.72","137.42","137.91","136.38","610.21K","-0.36%"
"11/03/2022","137.21","138.00","138.07","136.71","752.54K","-1.03%"
"11/02/2022","138.64","138.75","139.24","138.09","541.67K","-0.14%"
"11/01/2022","138.84","138.48","139.95","138.41","636.53K","0.29%"
"10/31/2022","138.44","138.85","139.15","138.12","662.65K","-0.64%"
"10/28/2022","139.33","140.86","140.92","138.29","802.58K","-0.66%"
"10/27/2022","140.26","138.92","140.83","137.57","924.24K","1.00%"
"10/26/2022","138.87","138.24","139.05","137.69","782.22K","0.48%"
"10/25/2022","138.21","136.46","138.45","136.46","757.85K","1.51%"
"10/24/2022","136.16","135.53","136.82","135.23","776.97K","0.77%"
"10/21/2022","135.12","135.00","135.64","134.02","811.03K","-0.43%"
"10/20/2022","135.70","135.60","136.15","134.86","733.16K","-0.29%"
"10/19/2022","136.10","137.20","137.28","135.60","759.34K","-0.82%"
"10/18/2022","137.22","136.78","137.68","135.93","783.97K","0.25%"
"10/17/2022","136.88","136.37","137.65","136.12","504.84K","0.59%"
"10/14/2022","136.08","136.80","138.52","135.82","814.20K","-0.10%"
"10/13/2022","136.22","136.29","137.54","135.15","999.51K","0.28%"
"10/12/2022","135.84","135.80","136.59","135.14","870.44K","-0.45%"
"10/11/2022","136.45","136.55","136.77","135.56","876.45K","0.27%"
"10/10/2022","136.08","137.68","138.46","135.83","786.67K","-1.15%"
"10/07/2022","137.67","138.90","138.91","137.35","655.01K","-0.93%"
"10/06/2022","138.96","139.81","140.13","138.64","771.69K","-0.57%"
"10/05/2022","139.76","141.50","141.74","139.52","826.80K","-1.31%"
"10/04/2022","141.62","141.24","142.87","140.81","917.56K","0.31%"
"10/03/2022","141.18","138.29","141.39","138.05","852.83K","1.94%"
"09/30/2022","138.49","137.16","139.24","136.98","1.03M","0.72%"
"09/29/2022","137.50","138.33","138.49","136.22","989.18K","-0.30%"
"09/28/2022","137.91","137.00","138.74","135.52","1.41M","0.56%"
"09/27/2022","137.14","137.70","139.29","136.62","1.22M","-1.25%"
"09/26/2022","138.87","139.20","139.22","137.41","907.36K","-0.44%"
"09/23/2022","139.48","140.14","140.99","138.45","1.10M","-0.39%"
"09/22/2022","140.02","141.16","142.02","139.90","928.31K","-0.84%"
"09/21/2022","141.20","140.86","141.98","140.73","760.75K","0.36%"
"09/20/2022","140.70","142.40","142.58","140.53","902.53K","-1.35%"
"09/19/2022","142.62","143.19","143.26","142.18","352.18K","-0.08%"
"09/16/2022","142.73","142.98","143.24","142.15","612.94K","-0.34%"
"09/15/2022","143.22","143.58","143.63","142.74","724.96K","-0.29%"
"09/14/2022","143.63","143.26","143.87","142.65","723.34K","0.17%"
"09/13/2022","143.39","144.17","144.47","143.00","754.33K","-0.77%"
"09/12/2022","144.50","143.52","144.56","142.91","561.51K","0.65%"
"09/09/2022","143.57","143.14","144.48","142.46","853.72K","-2.72%"
"09/08/2022","147.58","147.80","148.06","147.19","8.80K","0.03%"
"09/07/2022","147.53","147.02","147.88","146.74","69.55K","0.18%"
"09/06/2022","147.27","147.77","149.02","146.68","989.32K","-0.31%"
"09/05/2022","147.73","149.07","149.25","147.37","1.09M","-0.40%"
"09/02/2022","148.33","147.77","149.10","147.14","1.26M","0.64%"
"09/01/2022","147.39","147.49","147.83","146.78","1.25M","-0.39%"
"08/31/2022","147.97","148.48","148.99","147.38","1.07M","-0.16%"
"08/30/2022","148.20","148.63","149.32","147.86","869.15K","-0.28%"
"08/29/2022","148.61","148.95","148.99","147.92","559.52K","-0.90%"
"08/26/2022","149.96","151.20","151.24","149.35","660.56K","-0.68%"
"08/25/2022","150.98","150.31","151.42","150.02","608.13K","0.48%"
"08/24/2022","150.26","150.69","151.06","150.02","598.80K","-0.48%"
"08/23/2022","150.99","151.29","152.40","150.23","706.69K","-0.24%"
"08/22/2022","151.36","152.16","152.84","151.03","599.34K","-0.53%"
"08/19/2022","152.17","153.66","153.66","152.03","562.75K","-1.29%"
"08/18/2022","154.16","154.20","154.47","153.24","530.65K","0.03%"
"08/17/2022","154.12","155.81","155.96","153.83","617.29K","-0.91%"
"08/16/2022","155.53","156.69","156.78","155.31","451.78K","-0.75%"
"08/15/2022","156.70","155.65","156.88","155.08","360.87K","0.88%"
"08/12/2022","155.34","155.36","155.92","154.88","418.94K","-0.11%"
"08/11/2022","155.51","156.53","157.45","155.28","508.80K","-0.86%"
"08/10/2022","156.86","156.37","157.74","156.04","525.72K","0.44%"
"08/09/2022","156.18","156.97","157.05","155.77","414.66K","-0.34%"
"08/08/2022","156.71","155.97","157.12","155.86","364.17K","0.49%"
"08/05/2022","155.94","158.07","158.21","155.72","483.67K","-1.24%"
"08/04/2022","157.90","157.39","158.28","156.66","581.39K","0.60%"
"08/03/2022","156.96","157.48","158.33","156.29","652.71K","-0.72%"
"08/02/2022","158.10","158.57","159.70","157.10","680.97K","-0.20%"
"08/01/2022","158.42","157.35","158.54","156.74","562.82K","0.49%"
"07/29/2022","157.64","157.48","157.93","156.21","811.72K","-0.16%"
"07/28/2022","157.90","155.75","157.97","154.75","809.49K","1.11%"
"07/27/2022","156.16","155.80","156.24","155.36","645.61K","0.10%"
"07/26/2022","156.01","154.82","156.28","154.52","648.76K","0.81%"
"07/25/2022","154.75","154.21","154.86","153.78","503.03K","0.19%"
"07/22/2022","154.46","152.32","155.16","152.13","796.40K","1.50%"
"07/21/2022","152.18","151.88","152.38","149.69","917.64K","0.59%"
"07/20/2022","151.28","151.01","152.37","150.83","713.60K","0.12%"
"07/19/2022","151.10","152.20","152.60","150.62","695.48K","-0.54%"
"07/18/2022","151.92","152.95","153.32","151.47","508.83K","-0.77%"
"07/15/2022","153.10","152.84","153.80","152.26","578.80K","0.61%"
"07/14/2022","152.17","152.98","153.01","151.21","785.11K","-0.29%"
"07/13/2022","152.62","152.70","153.17","151.66","781.00K","-0.25%"
"07/12/2022","153.01","151.32","153.48","151.26","808.50K","1.06%"
"07/11/2022","151.40","149.90","151.67","149.75","467.79K","0.89%"
"07/08/2022","150.07","150.46","151.17","149.79","559.02K","-0.32%"
"07/07/2022","150.55","151.33","151.65","150.15","809.46K","-0.91%"
"07/06/2022","151.93","150.85","152.92","150.56","882.27K","0.46%"
"07/05/2022","151.24","149.24","151.45","148.72","804.11K","1.43%"
"07/04/2022","149.11","150.53","150.72","149.05","446.05K","-1.15%"
"07/01/2022","150.85","148.76","151.65","148.24","955.05K","1.39%"
"06/30/2022","148.78","146.97","149.35","146.50","977.26K","1.22%"
"06/29/2022","146.99","145.36","147.37","145.14","839.07K","1.25%"
"06/28/2022","145.18","146.34","146.80","144.72","795.50K","-0.89%"
"06/27/2022","146.49","147.76","147.82","146.03","603.12K","-0.98%"
"06/24/2022","147.94","147.70","149.00","146.91","781.65K","-0.17%"
"06/23/2022","148.19","145.24","148.45","144.81","1.21M","2.00%"
"06/22/2022","145.28","143.52","145.72","143.40","889.86K","1.36%"
"06/21/2022","143.33","143.29","144.01","143.05","782.89K","-0.09%"
"06/20/2022","143.46","144.29","144.98","143.15","586.74K","-0.58%"
"06/17/2022","144.30","143.54","144.99","142.56","854.89K","0.39%"
"06/16/2022","143.74","145.36","145.36","140.67","1.24M","-0.60%"
"06/15/2022","144.61","142.73","145.51","142.25","1.29M","0.71%"
"06/14/2022","143.59","144.65","145.58","142.29","1.26M","-1.10%"
"06/13/2022","145.18","146.71","147.19","144.19","1.10M","-1.22%"
"06/10/2022","146.98","147.74","148.51","146.61","956.29K","-0.55%"
"06/09/2022","147.80","148.69","149.43","147.32","1.04M","-0.79%"
"06/08/2022","148.98","149.15","149.30","148.87","7.61K","-0.37%"
"06/07/2022","149.53","148.99","149.62","148.68","131.19K","0.39%"
"06/06/2022","148.95","149.75","150.13","148.91","578.36K","-0.45%"
"06/03/2022","149.63","150.13","150.35","149.57","875.62K","-0.42%"
"06/02/2022","150.26","150.99","151.09","150.06","1.14M","-0.50%"
"06/01/2022","151.01","151.53","151.85","150.78","1.83M","-0.37%"
"05/31/2022","151.57","152.50","152.89","151.34","1.55M","-0.71%"
"05/30/2022","152.65","153.48","153.52","152.36","638.12K","-0.71%"
"05/27/2022","153.74","153.31","154.14","153.22","629.94K","0.31%"
"05/26/2022","153.26","153.86","154.74","153.19","783.65K","-0.43%"
"05/25/2022","153.92","153.55","154.43","153.48","802.67K","-0.01%"
"05/24/2022","153.94","153.10","153.98","152.77","940.98K","0.54%"
"05/23/2022","153.11","153.82","154.11","152.85","772.39K","-0.53%"
"05/20/2022","153.93","153.60","154.22","153.16","676.71K","0.03%"
"05/19/2022","153.88","153.07","154.45","152.48","935.72K","0.61%"
"05/18/2022","152.94","152.58","153.06","151.89","942.44K","0.26%"
"05/17/2022","152.54","153.72","153.74","152.33","863.00K","-0.97%"
"05/16/2022","154.03","153.88","154.20","152.99","611.24K","0.18%"
"05/13/2022","153.76","155.06","155.12","153.65","653.54K","-0.65%"
"05/12/2022","154.76","153.85","155.33","153.61","1.06M","1.21%"
"05/11/2022","152.91","152.64","153.86","151.87","1.02M","-0.03%"
"05/10/2022","152.95","151.93","153.17","151.50","787.78K","0.80%"
"05/09/2022","151.74","151.01","152.01","150.49","778.27K","0.53%"
"05/06/2022","150.94","152.55","152.74","150.81","901.94K","-1.06%"
"05/05/2022","152.55","153.60","154.18","152.15","970.86K","-0.41%"
"05/04/2022","153.18","152.86","153.73","152.44","672.88K","-0.32%"
"05/03/2022","153.67","153.34","154.10","152.66","759.38K","0.12%"
"05/02/2022","153.49","153.61","154.19","153.23","421.18K","-0.07%"
"04/29/2022","153.59","154.44","154.69","153.43","979.01K","-0.36%"
"04/28/2022","154.15","155.35","156.00","154.02","961.40K","-0.84%"
"04/27/2022","155.46","155.45","155.83","154.82","779.88K","-0.01%"
"04/26/2022","155.48","154.77","155.74","154.18","786.59K","0.38%"
"04/25/2022","154.89","153.14","155.26","153.11","814.83K","1.07%"
"04/22/2022","153.25","153.47","153.92","153.05","732.99K","-0.36%"
"04/21/2022","153.80","154.57","154.66","153.28","852.39K","-0.52%"
"04/20/2022","154.61","153.44","155.00","153.25","773.03K","0.59%"
"04/19/2022","153.70","154.55","154.70","153.29","753.45K","-0.65%"
"04/15/2022","154.71","154.71","154.71","154.71","","-0.15%"
"04/14/2022","154.95","155.48","156.17","154.63","814.99K","-0.58%"
"04/13/2022","155.86","155.10","155.91","154.51","759.54K","0.32%"
"04/12/2022","155.36","154.75","155.76","154.27","820.62K","0.21%"
"04/11/2022","155.03","156.13","156.19","154.93","738.45K","-0.98%"
"04/08/2022","156.57","157.01","157.29","156.26","648.08K","-0.17%"
"04/07/2022","156.83","157.59","157.87","156.40","911.68K","-0.26%"
"04/06/2022","157.24","157.76","157.78","156.84","818.43K","-0.31%"
"04/05/2022","157.73","159.31","159.42","157.62","832.87K","-0.86%"
"04/04/2022","159.10","158.50","159.79","158.12","772.12K","0.47%"
"04/01/2022","158.35","158.55","158.89","157.71","816.14K","-0.20%"
"03/31/2022","158.66","157.04","159.05","156.90","999.82K","0.95%"
"03/30/2022","157.16","157.53","158.06","156.37","878.66K","-0.13%"
"03/29/2022","157.37","158.22","158.33","156.05","916.30K","-0.60%"
"03/28/2022","158.32","158.47","158.67","157.65","694.00K","-0.21%"
"03/25/2022","158.65","159.15","159.64","158.08","657.96K","-0.38%"
"03/24/2022","159.26","160.05","160.26","158.73","737.86K","-0.34%"
"03/23/2022","159.80","159.39","160.31","159.06","656.78K","0.23%"
"03/22/2022","159.43","159.99","159.99","159.07","790.43K","-0.54%"
"03/21/2022","160.30","161.26","161.34","159.77","526.10K","-0.66%"
"03/18/2022","161.37","161.19","161.77","160.76","490.02K","0.22%"
"03/17/2022","161.01","161.16","161.69","160.68","715.29K","-0.04%"
"03/16/2022","161.07","161.63","161.81","160.56","690.10K","-0.56%"
"03/15/2022","161.97","161.34","162.05","160.90","617.48K","0.47%"
"03/14/2022","161.21","162.46","162.73","161.14","605.35K","-0.76%"
"03/11/2022","162.44","162.94","163.20","162.01","647.56K","-0.21%"
"03/10/2022","162.78","163.63","164.43","162.02","961.96K","-0.49%"
"03/09/2022","163.58","164.96","165.29","163.38","850.51K","-2.91%"
"03/08/2022","168.49","169.71","170.12","168.23","10.85K","-0.83%"
"03/07/2022","169.90","171.35","171.66","169.61","155.38K","-0.62%"
"03/04/2022","170.96","169.54","171.22","169.17","926.18K","1.04%"
"03/03/2022","169.20","169.55","169.75","168.46","1.52M","-0.11%"
"03/02/2022","169.38","170.45","170.85","169.01","1.50M","-0.54%"
"03/01/2022","170.30","167.75","171.12","167.31","1.79M","1.95%"
"02/28/2022","167.04","167.03","168.00","166.25","969.08K","0.54%"
"02/25/2022","166.15","166.63","167.20","165.87","853.80K","-0.47%"
"02/24/2022","166.93","166.18","168.01","166.01","1.19M","0.57%"
"02/23/2022","165.99","165.65","166.17","165.39","764.91K","0.18%"
"02/22/2022","165.70","166.92","167.17","165.16","1.04M","-0.34%"
"02/21/2022","166.26","166.77","166.97","165.80","633.56K","-0.05%"
"02/18/2022","166.34","166.20","166.74","165.61","678.08K","0.30%"
"02/17/2022","165.84","165.35","166.08","165.14","836.75K","0.37%"
"02/16/2022","165.23","164.75","165.47","164.34","805.45K","0.42%"
"02/15/2022","164.54","165.44","165.53","164.42","942.12K","-0.42%"
"02/14/2022","165.23","165.89","166.38","164.95","942.67K","0.17%"
"02/11/2022","164.95","164.71","166.46","164.48","965.98K","0.01%"
"02/10/2022","164.94","165.80","165.96","164.37","1.11M","-0.55%"
"02/09/2022","165.86","165.33","166.01","165.33","870.19K","0.41%"
"02/08/2022","165.18","165.71","166.11","165.03","1.09M","-0.25%"
"02/07/2022","165.60","166.07","166.49","165.38","1.08M","-0.25%"
"02/04/2022","166.02","166.89","167.00","165.72","1.27M","-0.53%"
"02/03/2022","166.90","168.76","168.81","166.84","1.31M","-1.04%"
"02/02/2022","168.66","168.81","169.17","168.41","759.46K","-0.06%"
"02/01/2022","168.76","169.03","169.54","168.65","791.63K","-0.21%"
"01/31/2022","169.11","169.91","169.93","168.81","935.28K","-0.54%"
"01/28/2022","170.02","170.21","170.22","169.42","783.92K","-0.08%"
"01/27/2022","170.16","169.78","170.42","169.67","788.20K","-0.11%"
"01/26/2022","170.35","170.34","170.58","169.66","685.63K","-0.18%"
"01/25/2022","170.66","170.62","170.89","170.26","794.72K","-0.12%"
"01/24/2022","170.87","170.23","171.07","170.10","740.08K","0.34%"
"01/21/2022","170.29","170.00","170.63","169.92","704.57K","0.32%"
"01/20/2022","169.74","169.28","169.94","169.21","614.30K","0.21%"
"01/19/2022","169.38","169.30","169.54","168.95","772.80K","-0.11%"
"01/18/2022","169.57","169.67","169.81","169.31","737.05K","-0.05%"
"01/17/2022","169.65","169.80","169.92","169.53","377.17K","-0.25%"
"01/14/2022","170.08","170.83","170.95","169.87","708.78K","-0.37%"
"01/13/2022","170.71","170.08","171.00","169.86","722.58K","0.29%"
"01/12/2022","170.22","169.87","170.51","169.74","800.92K","0.25%"
"01/11/2022","169.79","169.92","170.20","169.57","771.35K","-0.10%"
"01/10/2022","169.96","169.96","170.21","169.71","679.20K","-0.02%"
"01/07/2022","170.00","170.45","170.53","169.88","613.34K","-0.20%"
"01/06/2022","170.34","170.53","170.61","169.95","762.90K","-0.24%"
"01/05/2022","170.75","170.75","170.93","170.53","639.22K","-0.04%"
"01/04/2022","170.81","170.69","171.17","170.50","717.15K","0.04%"
"01/03/2022","170.74","171.36","171.53","170.55","492.41K","-0.37%"
"12/30/2021","171.37","171.42","171.79","171.31","314.73K","-0.08%"
"12/29/2021","171.51","172.31","172.42","171.31","325.49K","-0.49%"
"12/28/2021","172.36","172.36","172.47","172.09","189.53K","-0.03%"
"12/27/2021","172.41","172.48","172.64","172.08","180.06K","-0.08%"
"12/24/2021","172.54","172.54","172.54","172.54","","0.06%"
"12/23/2021","172.43","173.17","173.19","172.28","371.68K","-0.41%"
"12/22/2021","173.14","173.47","173.52","172.77","362.64K","-0.10%"
"12/21/2021","173.31","174.23","174.44","173.23","476.94K","-0.64%"
"12/20/2021","174.42","174.74","174.94","174.09","403.16K","-0.01%"
"12/17/2021","174.43","174.25","174.66","174.08","405.41K","0.22%"
"12/16/2021","174.05","174.09","174.44","173.43","667.66K","-0.15%"
"12/15/2021","174.32","174.39","174.56","174.04","403.49K","-0.08%"
"12/14/2021","174.46","174.64","174.75","174.18","394.66K","-0.13%"
"12/13/2021","174.68","173.91","174.70","173.89","359.93K","0.25%"
"12/10/2021","174.24","174.13","174.27","173.78","448.42K","0.03%"
"12/09/2021","174.19","173.59","174.31","173.44","464.44K","0.77%"
"12/08/2021","172.86","172.54","172.96","172.40","8.24K","0.19%"
"12/07/2021","172.53","172.69","172.79","172.27","117.81K","-0.22%"
"12/06/2021","172.91","172.92","173.01","172.60","662.45K","0.08%"
"12/03/2021","172.77","172.83","173.14","172.41","1.12M","0.01%"
"12/02/2021","172.75","172.47","173.06","172.12","1.42M","0.40%"
"12/01/2021","172.07","172.19","172.59","171.63","1.05M","-0.17%"
"11/30/2021","172.37","171.99","172.71","171.84","1.02M","0.20%"
"11/29/2021","172.02","172.03","172.38","171.65","671.18K","-0.19%"
"11/26/2021","172.34","171.19","172.46","171.14","879.09K","0.80%"
"11/25/2021","170.98","170.60","171.06","170.60","349.08K","0.26%"
"11/24/2021","170.54","170.74","171.18","170.31","793.13K","-0.16%"
"11/23/2021","170.81","171.68","171.70","170.56","784.69K","-0.56%"
"11/22/2021","171.77","172.19","172.57","171.53","644.23K","-0.32%"
"11/19/2021","172.32","171.21","172.42","171.00","891.76K","0.63%"
"11/18/2021","171.24","170.94","171.38","170.88","640.49K","0.28%"
"11/17/2021","170.77","170.62","170.97","170.55","537.00K","0.00%"
"11/16/2021","170.77","170.54","170.86","170.36","618.97K","0.01%"
"11/15/2021","170.75","171.01","171.40","170.42","628.91K","-0.06%"
"11/12/2021","170.85","170.50","171.07","170.32","676.53K","0.25%"
"11/11/2021","170.42","170.41","170.87","170.21","582.16K","-0.16%"
"11/10/2021","170.69","171.26","171.38","170.27","843.97K","-0.33%"
"11/09/2021","171.25","170.60","171.44","170.52","709.92K","0.33%"
"11/08/2021","170.69","171.10","171.12","170.43","556.85K","-0.22%"
"11/05/2021","171.07","170.16","171.24","170.06","850.91K","0.51%"
"11/04/2021","170.21","169.17","170.33","169.03","894.29K","0.51%"
"11/03/2021","169.34","169.25","169.70","168.98","803.10K","0.01%"
"11/02/2021","169.33","168.39","169.36","168.31","875.01K","0.70%"
"11/01/2021","168.15","168.18","168.56","167.69","740.86K","0.02%"
"10/29/2021","168.12","168.95","168.98","167.71","1.35M","-0.56%"
"10/28/2021","169.06","169.61","169.65","168.29","1.27M","-0.28%"
"10/27/2021","169.54","168.78","169.83","168.51","958.58K","0.50%"
"10/26/2021","168.69","168.56","168.97","168.40","630.95K","0.02%"
"10/25/2021","168.65","168.44","168.68","168.07","583.71K","0.22%"
"10/22/2021","168.28","167.90","168.55","167.84","758.78K","0.02%"
"10/21/2021","168.25","168.50","168.80","167.92","722.50K","-0.27%"
"10/20/2021","168.71","168.26","168.87","168.08","678.20K","0.10%"
"10/19/2021","168.54","169.08","169.48","168.34","846.46K","-0.34%"
"10/18/2021","169.11","169.22","169.30","168.64","913.62K","-0.27%"
"10/15/2021","169.56","169.84","169.84","169.17","670.47K","-0.05%"
"10/14/2021","169.65","168.86","169.92","168.64","984.02K","0.42%"
"10/13/2021","168.94","168.34","169.12","168.31","1.13M","0.31%"
"10/12/2021","168.41","168.83","169.00","168.21","1.07M","-0.22%"
"10/11/2021","168.78","169.10","169.11","168.57","547.63K","-0.26%"
"10/08/2021","169.22","169.55","169.69","169.11","832.29K","-0.29%"
"10/07/2021","169.71","169.53","170.00","169.40","706.34K","0.04%"
"10/06/2021","169.65","169.63","169.91","169.12","923.81K","-0.01%"
"10/05/2021","169.66","170.17","170.39","169.64","704.30K","-0.26%"
"10/04/2021","170.11","170.45","170.55","169.92","604.57K","-0.06%"
"10/01/2021","170.22","170.03","170.53","169.92","781.48K","0.24%"
"09/30/2021","169.82","170.12","170.19","169.56","942.18K","-0.19%"
"09/29/2021","170.15","169.65","170.32","169.61","737.21K","0.17%"
"09/28/2021","169.86","170.25","170.31","169.48","943.32K","-0.18%"
"09/27/2021","170.17","170.33","170.68","169.73","786.12K","-0.08%"
"09/24/2021","170.30","170.59","170.62","170.14","803.94K","-0.23%"
"09/23/2021","170.70","171.67","171.72","170.60","905.35K","-0.61%"
"09/22/2021","171.74","171.69","171.93","171.41","584.54K","0.00%"
"09/21/2021","171.74","171.70","171.96","171.27","652.92K","0.11%"
"09/20/2021","171.55","171.01","171.84","170.99","702.85K","0.32%"
"09/17/2021","171.00","171.20","171.32","170.81","675.36K","-0.25%"
"09/16/2021","171.43","171.48","171.53","171.10","684.75K","-0.08%"
"09/15/2021","171.57","171.86","172.07","171.34","727.41K","-0.20%"
"09/14/2021","171.91","171.70","172.12","171.33","807.83K","0.06%"
"09/13/2021","171.80","171.71","171.92","171.62","418.82K","-0.05%"
"09/10/2021","171.88","172.44","172.46","171.71","521.58K","-0.23%"
"09/09/2021","172.28","171.69","172.48","171.59","763.55K","-1.33%"
"09/08/2021","174.60","174.44","174.71","174.33","9.31K","0.06%"
"09/07/2021","174.49","175.10","175.18","174.36","186.56K","-0.43%"
"09/06/2021","175.25","175.09","175.27","174.90","512.63K","0.05%"
"09/03/2021","175.17","175.42","175.64","174.90","1.17M","-0.17%"
"09/02/2021","175.47","175.23","175.65","175.20","1.46M","0.14%"
"09/01/2021","175.23","175.35","175.50","174.98","1.14M","-0.13%"
"08/31/2021","175.45","176.46","176.48","175.34","996.21K","-0.47%"
"08/30/2021","176.28","176.11","176.40","175.83","387.01K","0.16%"
"08/27/2021","175.99","175.86","176.11","175.66","540.73K","0.03%"
"08/26/2021","175.93","175.91","176.14","175.71","736.49K","-0.03%"
"08/25/2021","175.98","176.77","176.87","175.91","811.47K","-0.48%"
"08/24/2021","176.83","176.93","177.08","176.66","518.08K","-0.03%"
"08/23/2021","176.89","177.10","177.16","176.56","507.28K","-0.15%"
"08/20/2021","177.15","177.02","177.22","176.99","318.42K","0.06%"
"08/19/2021","177.04","177.01","177.24","176.86","518.03K","0.07%"
"08/18/2021","176.92","176.81","177.08","176.71","430.20K","0.07%"
"08/17/2021","176.80","176.75","177.24","176.68","510.27K","0.00%"
"08/16/2021","176.80","176.86","177.07","176.48","468.51K","0.09%"
"08/13/2021","176.64","176.52","176.80","176.29","394.18K","0.03%"
"08/12/2021","176.58","176.76","176.77","176.35","416.08K","0.01%"
"08/11/2021","176.57","176.55","176.83","176.21","579.58K","-0.01%"
"08/10/2021","176.59","176.60","176.95","176.41","451.13K","0.04%"
"08/09/2021","176.52","176.45","176.91","176.39","405.68K","0.01%"
"08/06/2021","176.50","177.20","177.27","176.47","580.95K","-0.45%"
"08/05/2021","177.29","177.16","177.61","177.05","561.19K","0.20%"
"08/04/2021","176.94","177.01","177.52","176.85","661.16K","-0.02%"
"08/03/2021","176.97","176.82","177.12","176.67","459.06K","0.08%"
"08/02/2021","176.82","176.55","177.07","176.35","504.55K","0.14%"
"07/30/2021","176.57","176.54","176.73","176.29","584.90K","0.07%"
"07/29/2021","176.44","176.57","176.67","176.03","594.92K","0.02%"
"07/28/2021","176.41","176.27","176.66","176.20","628.19K","0.09%"
"07/27/2021","176.26","175.88","176.37","175.82","503.70K","0.24%"
"07/26/2021","175.83","176.00","176.42","175.62","541.47K","0.01%"
"07/23/2021","175.81","175.90","175.97","175.56","476.08K","-0.07%"
"07/22/2021","175.94","175.54","176.15","175.24","695.78K","0.23%"
"07/21/2021","175.53","175.77","176.11","175.41","755.38K","-0.18%"
"07/20/2021","175.85","175.48","176.28","175.41","912.58K","0.19%"
"07/19/2021","175.52","175.15","175.72","175.02","742.94K","0.37%"
"07/16/2021","174.87","174.86","175.04","174.65","451.48K","0.17%"
"07/15/2021","174.58","174.55","174.90","174.45","623.77K","0.14%"
"07/14/2021","174.34","173.72","174.49","173.70","612.53K","0.13%"
"07/13/2021","174.12","174.05","174.31","173.70","802.45K","0.04%"
"07/12/2021","174.05","173.91","174.32","173.91","456.60K","0.09%"
"07/09/2021","173.90","174.16","174.32","173.87","552.53K","-0.25%"
"07/08/2021","174.34","174.16","174.77","174.09","892.13K","0.18%"
"07/07/2021","174.02","173.60","174.27","173.46","782.43K","0.24%"
"07/06/2021","173.60","172.72","173.65","172.49","753.36K","0.52%"
"07/05/2021","172.70","173.12","173.18","172.65","344.34K","-0.23%"
"07/02/2021","173.09","172.62","173.19","172.54","692.35K","0.32%"
"07/01/2021","172.54","172.50","172.69","172.22","666.57K","-0.04%"
"06/30/2021","172.61","172.13","172.74","171.98","724.06K","0.31%"
"06/29/2021","172.07","172.25","172.33","171.86","666.53K","-0.11%"
"06/28/2021","172.26","171.79","172.34","171.71","496.38K","0.29%"
"06/25/2021","171.77","172.24","172.30","171.68","551.49K","-0.32%"
"06/24/2021","172.33","172.21","172.39","171.88","573.16K","0.09%"
"06/23/2021","172.17","172.02","172.46","171.76","686.92K","0.13%"
"06/22/2021","171.95","172.12","172.20","171.67","677.71K","-0.12%"
"06/21/2021","172.16","172.69","173.03","171.93","770.50K","-0.25%"
"06/18/2021","172.60","172.47","172.88","172.36","826.46K","0.09%"
"06/17/2021","172.44","171.97","172.70","171.80","802.66K","-0.05%"
"06/16/2021","172.53","172.30","172.66","171.91","555.13K","0.12%"
"06/15/2021","172.32","172.62","172.80","172.25","686.03K","-0.19%"
"06/14/2021","172.64","172.91","173.04","172.52","440.45K","-0.14%"
"06/11/2021","172.88","172.87","173.16","172.79","570.97K","0.20%"
"06/10/2021","172.53","172.55","172.88","171.97","796.97K","-0.02%"
"06/09/2021","172.56","172.11","172.85","172.08","715.68K","1.37%"
"06/08/2021","170.23","170.15","170.35","170.09","16.19K","0.06%"
"06/07/2021","170.12","170.29","170.40","170.05","156.25K","-0.12%"
"06/04/2021","170.33","169.90","170.43","169.84","753.54K","0.23%"
"06/03/2021","169.94","170.17","170.20","169.81","1.17M","-0.12%"
"06/02/2021","170.15","169.92","170.20","169.88","1.33M","0.19%"
"06/01/2021","169.83","170.06","170.15","169.68","1.18M","-0.06%"
"05/31/2021","169.94","169.87","170.08","169.48","487.14K","0.00%"
"05/28/2021","169.94","169.81","170.08","169.53","731.71K","0.09%"
"05/27/2021","169.79","170.30","170.38","169.68","784.83K","-0.29%"
"05/26/2021","170.29","169.88","170.40","169.69","872.00K","0.35%"
"05/25/2021","169.69","169.37","169.92","169.29","819.33K","0.22%"
"05/24/2021","169.32","169.18","169.41","169.02","465.55K","0.11%"
"05/21/2021","169.14","168.82","169.31","168.75","770.58K","0.18%"
"05/20/2021","168.84","168.63","168.92","168.48","705.69K","-0.04%"
"05/19/2021","168.90","168.76","169.12","168.29","1.01M","0.05%"
"05/18/2021","168.82","168.83","169.14","168.69","842.70K","-0.02%"
"05/17/2021","168.86","169.13","169.35","168.67","778.72K","-0.07%"
"05/14/2021","168.98","169.02","169.21","168.77","739.61K","0.05%"
"05/13/2021","168.89","168.80","169.08","168.59","801.72K","-0.03%"
"05/12/2021","168.94","169.42","169.77","168.83","964.25K","-0.30%"
"05/11/2021","169.45","170.13","170.25","169.39","997.63K","-0.49%"
"05/10/2021","170.29","170.18","170.32","169.97","561.91K","-0.11%"
"05/07/2021","170.47","170.43","170.98","170.20","1.00M","-0.07%"
"05/06/2021","170.59","170.57","170.88","170.23","823.07K","0.07%"
"05/05/2021","170.47","170.62","170.64","170.20","705.69K","-0.11%"
"05/04/2021","170.66","170.15","170.80","169.89","877.24K","0.29%"
"05/03/2021","170.16","169.98","170.34","169.47","611.31K","0.09%"
"04/30/2021","170.00","169.79","170.19","169.77","746.52K","0.07%"
"04/29/2021","169.88","170.61","170.64","169.66","929.25K","-0.35%"
"04/28/2021","170.48","170.59","170.67","170.04","803.04K","-0.16%"
"04/27/2021","170.76","170.75","170.91","170.51","564.46K","-0.04%"
"04/26/2021","170.83","170.75","170.95","170.46","576.13K","0.00%"
"04/23/2021","170.83","171.02","171.13","170.67","617.36K","-0.06%"
"04/22/2021","170.94","171.02","171.27","170.53","845.85K","0.04%"
"04/21/2021","170.88","170.82","171.12","170.61","697.04K","0.08%"
"04/20/2021","170.74","170.38","170.93","170.09","820.26K","0.15%"
"04/19/2021","170.48","170.94","171.07","170.17","819.39K","-0.25%"
"04/16/2021","170.91","171.28","171.31","170.77","647.84K","-0.25%"
"04/15/2021","171.33","170.66","171.52","170.60","775.72K","0.27%"
"04/14/2021","170.87","171.57","171.62","170.66","748.30K","-0.23%"
"04/13/2021","171.26","171.22","171.54","170.98","852.16K","-0.02%"
"04/12/2021","171.30","171.25","171.87","171.23","664.71K","-0.04%"
"04/09/2021","171.37","171.98","172.07","171.15","734.48K","-0.30%"
"04/08/2021","171.89","171.67","172.12","171.63","573.51K","0.13%"
"04/07/2021","171.67","171.67","172.06","171.60","666.40K","-0.01%"
"04/06/2021","171.68","171.55","171.89","171.32","595.43K","-0.03%"
"04/02/2021","171.73","171.73","171.73","171.73","","-0.06%"
"04/01/2021","171.83","171.10","171.86","171.07","571.20K","0.32%"
"03/31/2021","171.28","171.14","171.40","170.88","771.11K","0.16%"
"03/30/2021","171.00","171.53","171.56","170.71","932.15K","-0.36%"
"03/29/2021","171.62","172.08","172.34","171.45","623.82K","-0.29%"
"03/26/2021","172.12","172.56","172.58","171.91","628.46K","-0.27%"
"03/25/2021","172.58","172.30","172.66","172.15","641.25K","0.24%"
"03/24/2021","172.17","172.19","172.44","171.93","700.32K","0.15%"
"03/23/2021","171.92","171.54","172.17","171.42","775.98K","0.25%"
"03/22/2021","171.49","171.30","171.80","171.23","584.36K","0.16%"
"03/19/2021","171.22","170.96","171.43","170.93","664.88K","0.29%"
"03/18/2021","170.72","171.44","171.47","170.52","960.18K","-0.21%"
"03/17/2021","171.08","171.68","171.80","170.98","817.35K","-0.41%"
"03/16/2021","171.78","171.77","172.00","171.64","689.01K","0.00%"
"03/15/2021","171.78","171.32","171.87","171.20","653.50K","0.39%"
"03/12/2021","171.12","171.62","171.65","171.05","733.60K","-0.30%"
"03/11/2021","171.64","171.43","172.20","171.30","986.92K","0.19%"
"03/10/2021","171.32","171.38","171.53","171.07","588.85K","0.05%"
"03/09/2021","171.23","170.93","171.70","170.83","740.72K","-1.60%"
"03/08/2021","174.01","173.95","174.00","173.71","15.50K","0.01%"
"03/05/2021","174.00","173.69","174.28","173.63","209.17K","-0.15%"
"03/04/2021","174.27","173.79","174.51","173.71","938.86K","0.18%"
"03/03/2021","173.95","174.93","174.97","173.75","1.44M","-0.41%"
"03/02/2021","174.67","174.75","174.93","174.14","1.42M","0.06%"
"03/01/2021","174.56","174.02","174.75","173.77","1.15M","0.67%"
"02/26/2021","173.40","172.11","173.91","172.11","1.50M","0.20%"
"02/25/2021","173.06","174.21","174.25","172.08","1.70M","-0.56%"
"02/24/2021","174.04","174.49","174.57","173.65","1.15M","-0.18%"
"02/23/2021","174.35","174.57","174.65","173.82","1.18M","-0.21%"
"02/22/2021","174.72","173.95","175.02","173.58","1.27M","0.31%"
"02/19/2021","174.18","174.64","174.70","173.98","944.86K","-0.29%"
"02/18/2021","174.68","175.12","175.26","174.38","1.02M","-0.21%"
"02/17/2021","175.04","174.45","175.14","174.38","1.15M","0.14%"
"02/16/2021","174.80","175.24","175.45","174.49","1.05M","-0.25%"
"02/15/2021","175.23","175.65","175.70","175.15","670.34K","-0.42%"
"02/12/2021","175.97","176.39","176.53","175.77","758.70K","-0.26%"
"02/11/2021","176.43","176.27","176.64","176.24","656.53K","0.19%"
"02/10/2021","176.10","176.07","176.38","175.94","688.20K","-0.06%"
"02/09/2021","176.21","176.10","176.36","175.92","765.00K","0.05%"
"02/08/2021","176.12","175.96","176.23","175.61","643.91K","-0.03%"
"02/05/2021","176.17","176.28","176.48","175.63","977.99K","-0.09%"
"02/04/2021","176.32","176.35","176.57","176.10","848.30K","-0.08%"
"02/03/2021","176.47","176.60","176.70","176.35","761.77K","-0.16%"
"02/02/2021","176.75","177.13","177.23","176.63","876.69K","-0.27%"
"02/01/2021","177.22","177.36","177.42","176.97","635.89K","-0.02%"
"01/29/2021","177.25","177.58","177.66","176.89","1.15M","-0.29%"
"01/28/2021","177.77","177.64","177.96","177.46","701.49K","-0.01%"
"01/27/2021","177.79","177.56","178.12","177.39","863.82K","0.15%"
"01/26/2021","177.52","177.82","177.96","177.45","617.11K","-0.17%"
"01/25/2021","177.83","177.13","177.88","177.12","675.95K","0.38%"
"01/22/2021","177.16","176.76","177.27","176.63","643.50K","0.20%"
"01/21/2021","176.80","177.41","177.56","176.74","860.43K","-0.37%"
"01/20/2021","177.45","177.33","177.50","177.25","506.83K","0.03%"
"01/19/2021","177.40","177.31","177.45","177.10","720.92K","0.02%"
"01/18/2021","177.37","177.71","177.81","177.24","432.30K","-0.16%"
"01/15/2021","177.66","177.65","177.94","177.50","547.66K","-0.10%"
"01/14/2021","177.84","177.49","177.96","177.32","748.88K","0.27%"
"01/13/2021","177.36","176.84","177.60","176.72","989.43K","0.52%"
"01/12/2021","176.44","176.83","176.87","176.34","904.00K","-0.28%"
"01/11/2021","176.93","177.28","177.55","176.84","739.76K","-0.21%"
"01/08/2021","177.30","177.33","177.53","177.16","542.40K","0.03%"
"01/07/2021","177.25","177.47","177.69","177.17","792.79K","-0.07%"
"01/06/2021","177.37","177.85","177.85","177.02","842.16K","-0.30%"
"01/05/2021","177.90","178.22","178.27","177.71","613.78K","-0.12%"
"01/04/2021","178.12","177.78","178.37","177.52","695.84K","0.16%"
"12/31/2020","177.84","177.84","177.84","177.84","","0.11%"
"12/30/2020","177.64","177.73","177.84","177.27","306.91K","-0.03%"
"12/29/2020","177.70","177.60","177.75","177.52","265.00K","0.17%"
"12/28/2020","177.39","177.35","177.77","177.17","195.97K","0.02%"
"12/24/2020","177.36","177.36","177.36","177.36","","0.16%"
"12/23/2020","177.07","178.07","178.18","177.01","507.28K","-0.48%"
"12/22/2020","177.93","177.70","178.09","177.63","344.00K","0.04%"
"12/21/2020","177.86","177.83","178.44","177.61","520.42K","0.11%"
"12/18/2020","177.66","177.74","177.85","177.28","416.57K","-0.02%"
"12/17/2020","177.69","177.60","177.98","177.34","519.60K","0.08%"
"12/16/2020","177.55","178.28","178.31","177.27","691.25K","-0.40%"
"12/15/2020","178.27","178.37","178.57","178.17","440.33K","-0.08%"
"12/14/2020","178.42","178.37","178.56","178.13","444.21K","-0.15%"
"12/11/2020","178.68","178.27","178.77","178.17","561.97K","0.34%"
"12/10/2020","178.08","178.30","178.55","177.77","704.19K","-0.06%"
"12/09/2020","178.19","178.08","178.30","177.91","418.76K","1.57%"
"12/08/2020","175.43","175.37","175.61","175.35","16.39K","0.01%"
"12/07/2020","175.41","175.03","175.51","175.03","128.89K","0.34%"
"12/04/2020","174.82","175.15","175.22","174.81","756.78K","-0.07%"
"12/03/2020","174.94","174.63","175.18","174.56","1.33M","0.26%"
"12/02/2020","174.48","174.56","174.69","174.37","1.14M","-0.05%"
"12/01/2020","174.56","175.32","175.45","174.47","1.19M","-0.39%"
"11/30/2020","175.25","175.63","175.72","175.21","744.76K","-0.14%"
"11/27/2020","175.50","175.59","175.65","175.41","360.72K","-0.01%"
"11/26/2020","175.51","175.18","175.59","175.16","333.13K","0.10%"
"11/25/2020","175.33","175.10","175.46","174.96","507.15K","0.04%"
"11/24/2020","175.26","175.37","175.47","175.12","520.86K","-0.09%"
"11/23/2020","175.41","175.70","175.71","175.26","552.78K","-0.07%"
"11/20/2020","175.53","175.45","175.73","175.25","512.29K","0.11%"
"11/19/2020","175.33","175.20","175.41","175.10","521.65K","0.12%"
"11/18/2020","175.12","175.28","175.46","174.91","526.04K","-0.03%"
"11/17/2020","175.18","174.94","175.27","174.85","526.43K","0.14%"
"11/16/2020","174.93","174.94","175.29","174.45","675.21K","-0.01%"
"11/13/2020","174.94","174.91","175.17","174.78","512.60K","0.11%"
"11/12/2020","174.74","174.42","174.97","174.26","665.82K","0.25%"
"11/11/2020","174.30","174.01","174.50","173.66","653.88K","0.16%"
"11/10/2020","174.02","174.54","174.63","173.92","994.34K","-0.19%"
"11/09/2020","174.36","176.09","176.46","174.26","1.19M","-0.95%"
"11/06/2020","176.03","176.42","176.49","175.86","591.31K","-0.17%"
"11/05/2020","176.33","176.52","176.65","176.09","616.56K","-0.04%"
"11/04/2020","176.40","175.71","176.83","175.53","787.73K","0.22%"
"11/03/2020","176.02","176.29","176.37","175.82","584.73K","-0.12%"
"11/02/2020","176.24","176.25","176.36","175.90","530.00K","0.05%"
"10/30/2020","176.15","176.18","176.38","175.90","683.41K","-0.09%"
"10/29/2020","176.31","176.03","176.44","175.92","698.75K","0.14%"
"10/28/2020","176.07","176.08","176.43","175.95","793.21K","0.07%"
"10/27/2020","175.94","175.45","176.06","175.27","590.38K","0.37%"
"10/26/2020","175.30","175.50","175.73","175.10","573.12K","0.02%"
"10/23/2020","175.26","175.20","175.52","175.00","551.14K","0.04%"
"10/22/2020","175.19","175.54","175.73","175.17","613.67K","-0.30%"
"10/21/2020","175.71","175.67","175.86","175.34","647.92K","-0.06%"
"10/20/2020","175.81","176.10","176.24","175.66","585.02K","-0.17%"
"10/19/2020","176.11","176.01","176.17","175.77","486.45K","0.02%"
"10/16/2020","176.07","175.82","176.29","175.77","478.75K","0.10%"
"10/15/2020","175.90","175.37","176.28","175.35","836.38K","0.31%"
"10/14/2020","175.35","175.07","175.50","175.04","546.06K","0.17%"
"10/13/2020","175.06","174.88","175.13","174.76","492.61K","0.14%"
"10/12/2020","174.81","174.74","174.87","174.60","307.19K","0.07%"
"10/09/2020","174.68","174.52","174.86","174.49","492.24K","0.11%"
"10/08/2020","174.48","174.10","174.58","174.04","455.63K","0.20%"
"10/07/2020","174.13","174.58","174.61","173.93","705.09K","-0.08%"
"10/06/2020","174.27","174.18","174.65","174.15","664.92K","-0.09%"
"10/05/2020","174.42","174.67","174.90","174.19","529.43K","-0.14%"
"10/02/2020","174.66","174.61","174.97","174.60","526.39K","0.00%"
"10/01/2020","174.66","174.50","174.71","174.17","715.32K","0.08%"
"09/30/2020","174.52","174.81","174.95","174.34","714.17K","-0.20%"
"09/29/2020","174.87","174.63","174.90","174.58","498.12K","0.14%"
"09/28/2020","174.62","174.58","174.68","174.31","427.30K","-0.03%"
"09/25/2020","174.67","174.27","174.70","174.16","472.17K","0.13%"
"09/24/2020","174.44","174.43","174.72","174.22","557.16K","0.13%"
"09/23/2020","174.21","174.38","174.64","174.19","574.54K","-0.09%"
"09/22/2020","174.37","174.56","174.74","174.25","588.25K","-0.16%"
"09/21/2020","174.65","174.08","174.85","173.95","608.20K","0.33%"
"09/18/2020","174.07","174.07","174.43","173.93","438.52K","-0.11%"
"09/17/2020","174.26","174.05","174.45","173.74","647.27K","0.20%"
"09/16/2020","173.92","174.12","174.29","173.84","455.12K","-0.05%"
"09/15/2020","174.00","174.05","174.15","173.78","472.41K","0.00%"
"09/14/2020","174.00","174.02","174.32","173.91","433.07K","0.02%"
"09/11/2020","173.96","173.66","174.04","173.54","462.19K","0.49%"
"09/10/2020","173.11","173.61","173.91","173.06","665.07K","-0.33%"
"09/09/2020","173.68","174.34","174.41","173.51","607.81K","-1.84%"
"09/08/2020","176.93","176.52","176.94","176.42","14.26K","0.23%"
"09/07/2020","176.52","176.47","176.86","176.19","133.13K","-0.15%"
"09/04/2020","176.78","176.93","177.04","176.37","615.88K","-0.16%"
"09/03/2020","177.07","176.74","177.18","176.49","1.29M","0.23%"
"09/02/2020","176.67","176.12","176.82","176.00","1.14M","0.54%"
"09/01/2020","175.72","175.46","176.18","175.17","947.62K","0.09%"
"08/31/2020","175.56","175.63","175.78","175.22","629.22K","-0.07%"
"08/28/2020","175.68","175.29","175.82","175.06","916.05K","0.14%"
"08/27/2020","175.44","175.94","176.58","175.28","873.37K","-0.13%"
"08/26/2020","175.66","176.00","176.04","175.47","733.62K","-0.13%"
"08/25/2020","175.89","176.95","176.95","175.75","760.04K","-0.64%"
"08/24/2020","177.02","177.21","177.25","176.73","461.45K","-0.05%"
"08/21/2020","177.10","176.87","177.37","176.75","531.59K","0.08%"
"08/20/2020","176.95","176.58","177.18","176.45","562.70K","0.22%"
"08/19/2020","176.57","176.47","176.87","176.39","542.39K","0.08%"
"08/18/2020","176.43","176.14","176.51","176.03","514.88K","0.12%"
"08/17/2020","176.21","175.61","176.27","175.54","470.45K","0.26%"
"08/14/2020","175.76","175.26","175.81","175.25","486.10K","0.11%"
"08/13/2020","175.56","176.43","176.60","175.27","635.29K","-0.39%"
"08/12/2020","176.24","176.86","176.88","175.93","642.98K","-0.24%"
"08/11/2020","176.66","177.39","177.50","176.56","562.34K","-0.47%"
"08/10/2020","177.50","177.16","177.64","176.89","366.17K","0.19%"
"08/07/2020","177.17","177.38","177.67","177.07","394.37K","-0.24%"
"08/06/2020","177.60","177.02","177.81","176.92","547.06K","0.28%"
"08/05/2020","177.10","177.96","178.00","177.00","492.40K","-0.40%"
"08/04/2020","177.81","177.31","178.01","177.19","454.20K","0.28%"
"08/03/2020","177.31","177.44","177.48","177.03","380.28K","-0.12%"
"07/31/2020","177.52","177.71","178.01","177.25","573.93K","-0.10%"
"07/30/2020","177.69","177.00","177.80","176.92","531.23K","0.42%"
"07/29/2020","176.95","177.15","177.29","176.83","431.54K","-0.10%"
"07/28/2020","177.13","176.51","177.24","176.49","494.53K","0.19%"
"07/27/2020","176.80","176.06","176.87","175.96","481.82K","0.40%"
"07/24/2020","176.09","176.77","176.98","175.95","608.25K","-0.36%"
"07/23/2020","176.72","176.79","176.89","176.59","404.14K","-0.12%"
"07/22/2020","176.93","176.37","176.95","176.20","482.28K","0.32%"
"07/21/2020","176.37","176.24","176.45","176.06","407.57K","0.00%"
"07/20/2020","176.37","176.19","176.54","175.77","465.20K","0.06%"
"07/17/2020","176.27","176.41","176.68","176.10","332.01K","-0.20%"
"07/16/2020","176.62","176.17","176.74","176.07","472.60K","0.28%"
"07/15/2020","176.12","176.03","176.47","175.92","538.08K","-0.05%"
"07/14/2020","176.20","175.98","176.25","175.74","476.67K","0.32%"
"07/13/2020","175.63","176.48","176.49","175.54","503.25K","-0.57%"
"07/10/2020","176.63","176.41","176.92","176.34","476.77K","0.06%"
"07/09/2020","176.52","176.01","176.61","175.96","443.34K","0.22%"
"07/08/2020","176.13","176.11","176.37","176.02","435.17K","0.14%"
"07/07/2020","175.88","176.07","176.30","175.72","413.70K","-0.05%"
"07/06/2020","175.96","175.88","176.15","175.62","407.43K","-0.03%"
"07/03/2020","176.02","175.98","176.24","175.85","244.23K","0.01%"
"07/02/2020","176.01","175.19","176.06","175.04","628.12K","0.41%"
"07/01/2020","175.29","176.15","176.20","175.20","550.71K","-0.70%"
"06/30/2020","176.52","176.58","176.86","176.16","534.41K","-0.08%"
"06/29/2020","176.66","176.75","176.86","176.35","350.34K","-0.02%"
"06/26/2020","176.70","176.39","176.80","176.32","399.58K","0.08%"
"06/25/2020","176.55","176.11","176.72","176.09","526.35K","0.31%"
"06/24/2020","176.01","175.53","176.12","175.20","592.63K","0.23%"
"06/23/2020","175.61","175.85","176.13","175.45","559.80K","-0.28%"
"06/22/2020","176.11","175.74","176.37","175.60","440.63K","0.24%"
"06/19/2020","175.68","175.61","175.79","175.30","383.64K","0.05%"
"06/18/2020","175.59","175.28","175.76","175.16","548.60K","0.11%"
"06/17/2020","175.40","175.34","175.63","174.80","596.32K","0.00%"
"06/16/2020","175.40","175.22","175.58","174.90","592.82K","-0.07%"
"06/15/2020","175.52","175.62","175.98","175.28","475.61K","-0.03%"
"06/12/2020","175.57","175.25","175.60","174.90","513.63K","0.19%"
"06/11/2020","175.24","174.28","175.34","174.12","598.11K","0.82%"
"06/10/2020","173.81","173.47","174.18","173.25","644.91K","0.20%"
"06/09/2020","173.46","173.61","174.02","173.30","646.57K","1.90%"
"06/08/2020","170.22","170.13","170.27","169.88","11.88K","0.21%"
"06/05/2020","169.86","170.55","170.70","169.66","183.51K","-0.40%"
"06/04/2020","170.54","171.04","171.34","170.37","1.11M","-0.25%"
"06/03/2020","170.97","171.66","171.87","170.86","1.45M","-0.52%"
"06/02/2020","171.86","171.92","172.15","171.67","1.11M","0.12%"
"06/01/2020","171.65","172.37","172.42","171.47","638.43K","-0.47%"
"05/29/2020","172.46","172.15","172.57","172.00","810.34K","0.24%"
"05/28/2020","172.05","171.82","172.32","171.68","637.25K","-0.01%"
"05/27/2020","172.07","172.28","172.53","171.50","841.05K","-0.05%"
"05/26/2020","172.16","173.11","173.16","172.01","705.34K","-0.52%"
"05/25/2020","173.06","173.05","173.28","172.98","136.20K","-0.03%"
"05/22/2020","173.12","173.11","173.52","172.93","460.08K","-0.02%"
"05/21/2020","173.15","172.89","173.27","172.66","432.62K","0.25%"
"05/20/2020","172.72","172.76","172.97","172.51","547.62K","0.01%"
"05/19/2020","172.70","172.82","173.11","172.26","685.90K","-0.27%"
"05/18/2020","173.16","173.75","174.09","172.61","678.10K","-0.33%"
"05/15/2020","173.74","173.62","174.23","173.59","471.06K","0.05%"
"05/14/2020","173.65","173.56","174.08","173.50","540.23K","0.01%"
"05/13/2020","173.63","173.55","173.92","173.41","550.62K","0.15%"
"05/12/2020","173.37","173.18","173.49","172.80","616.39K","-0.09%"
"05/11/2020","173.53","173.47","173.74","173.13","445.98K","-0.14%"
"05/08/2020","173.77","173.87","174.24","173.52","302.21K","-0.07%"
"05/07/2020","173.89","173.49","174.08","172.89","652.67K","0.34%"
"05/06/2020","173.30","174.15","174.23","173.19","599.62K","-0.64%"
"05/05/2020","174.41","174.13","174.55","173.42","642.96K","0.21%"
"05/04/2020","174.04","174.37","174.69","173.77","497.88K","-0.22%"
"04/30/2020","174.43","172.95","174.57","172.94","780.39K","0.79%"
"04/29/2020","173.06","172.75","173.28","172.58","531.31K","0.18%"
"04/28/2020","172.75","172.40","172.84","172.09","423.81K","0.17%"
"04/27/2020","172.45","172.68","172.91","172.23","392.52K","-0.18%"
"04/24/2020","172.76","172.38","172.87","172.27","417.98K","0.38%"
"04/23/2020","172.10","171.85","172.48","171.29","571.17K","0.06%"
"04/22/2020","172.00","172.71","172.95","171.67","517.77K","-0.53%"
"04/21/2020","172.91","172.54","173.26","172.45","528.25K","0.29%"
"04/20/2020","172.41","172.65","173.01","172.19","392.72K","-0.25%"
"04/17/2020","172.85","172.44","172.89","172.17","299.09K","0.10%"
"04/16/2020","172.67","172.43","172.90","172.04","459.93K","-0.01%"
"04/15/2020","172.68","171.42","172.78","171.36","532.34K","0.66%"
"04/14/2020","171.54","170.47","171.71","170.28","274.44K","0.37%"
"04/09/2020","170.90","170.12","171.09","170.01","455.32K","0.26%"
"04/08/2020","170.46","170.79","171.31","170.00","620.31K","-0.02%"
"04/07/2020","170.49","171.81","171.90","170.24","567.35K","-0.77%"
"04/06/2020","171.82","171.85","172.05","171.42","320.31K","-0.14%"
"04/03/2020","172.06","171.96","172.44","171.80","391.64K","0.08%"
"04/02/2020","171.92","172.56","172.60","171.60","540.02K","-0.38%"
"04/01/2020","172.57","172.70","173.48","172.23","483.25K","0.03%"
"03/31/2020","172.51","172.84","173.16","172.33","508.92K","-0.63%"
"03/30/2020","173.60","172.94","173.83","172.62","427.48K","0.60%"
"03/27/2020","172.56","170.95","173.07","170.90","560.94K","0.87%"
"03/26/2020","171.07","169.69","171.35","169.69","545.09K","0.85%"
"03/25/2020","169.62","170.50","170.78","169.34","464.92K","-0.38%"
"03/24/2020","170.27","171.13","171.38","170.19","454.21K","-0.50%"
"03/23/2020","171.12","170.69","171.54","170.22","496.86K","0.41%"
"03/20/2020","170.42","168.53","170.84","168.52","543.20K","1.48%"
"03/19/2020","167.94","170.01","171.18","167.52","813.15K","-0.50%"
"03/18/2020","168.79","171.39","171.39","168.24","879.20K","-1.83%"
"03/17/2020","171.93","172.00","172.47","170.90","773.97K","-0.14%"
"03/16/2020","172.17","174.60","175.25","171.97","623.39K","-1.15%"
"03/13/2020","174.17","176.32","176.57","173.12","1.01M","-1.32%"
"03/12/2020","176.50","176.81","177.64","175.90","1.01M","-0.15%"
"03/11/2020","176.77","177.07","177.91","176.55","1.01M","-0.46%"
"03/10/2020","177.59","177.55","177.91","175.41","1.28M","-0.36%"
"03/09/2020","178.23","177.21","179.31","177.05","994.79K","-0.67%"
"03/06/2020","179.44","179.02","179.56","179.00","12.75K","0.48%"
"03/05/2020","178.59","177.55","178.90","177.50","167.78K","0.39%"
"03/04/2020","177.90","178.23","178.36","177.46","1.17M","0.09%"
"03/03/2020","177.74","177.41","178.25","176.83","1.84M","-0.05%"
"03/02/2020","177.83","177.82","178.38","177.00","1.98M","0.21%"
"02/28/2020","177.46","176.52","177.79","176.52","1.46M","0.50%"
"02/27/2020","176.58","175.99","176.89","175.86","1.34M","0.43%"
"02/26/2020","175.83","175.88","176.30","175.38","1.41M","-0.11%"
"02/25/2020","176.02","175.37","176.21","175.21","1.13M","0.25%"
"02/24/2020","175.58","175.39","175.86","175.13","1.26M","0.37%"
"02/21/2020","174.93","174.98","175.37","174.77","955.61K","-0.02%"
"02/20/2020","174.96","174.55","175.12","174.51","869.93K","0.17%"
"02/19/2020","174.66","174.41","174.74","174.28","635.29K","0.07%"
"02/18/2020","174.53","174.51","174.92","174.29","761.81K","0.05%"
"02/17/2020","174.45","174.35","174.52","174.08","264.96K","-0.02%"
"02/14/2020","174.48","174.29","174.59","174.10","470.47K","0.12%"
"02/13/2020","174.27","174.16","174.64","174.05","879.84K","0.14%"
"02/12/2020","174.02","174.17","174.20","173.72","737.95K","-0.14%"
"02/11/2020","174.26","174.48","174.55","174.13","766.47K","-0.18%"
"02/10/2020","174.57","174.33","174.69","174.01","500.71K","0.22%"
"02/07/2020","174.18","173.87","174.42","173.84","725.07K","0.21%"
"02/06/2020","173.82","173.71","173.96","173.42","762.86K","-0.06%"
"02/05/2020","173.92","174.33","174.63","173.65","947.84K","-0.35%"
"02/04/2020","174.53","175.06","175.07","174.25","837.83K","-0.20%"
"02/03/2020","174.88","175.10","175.14","174.62","692.50K","-0.09%"
"01/31/2020","175.04","174.29","175.30","174.16","763.63K","0.27%"
"01/30/2020","174.57","174.23","174.65","174.23","761.98K","0.29%"
"01/29/2020","174.06","173.66","174.28","173.41","628.56K","0.22%"
"01/28/2020","173.68","174.11","174.48","173.48","885.02K","-0.32%"
"01/27/2020","174.23","173.75","174.27","173.41","892.31K","0.55%"
"01/24/2020","173.28","172.82","173.54","172.60","812.60K","0.14%"
"01/23/2020","173.03","172.41","173.09","172.35","765.00K","0.41%"
"01/22/2020","172.33","172.04","172.50","171.91","584.94K","0.07%"
"01/21/2020","172.21","171.75","172.27","171.55","752.51K","0.31%"
"01/20/2020","171.67","171.76","171.76","171.52","233.91K","0.03%"
"01/17/2020","171.61","171.66","171.82","171.46","484.60K","-0.06%"
"01/16/2020","171.72","171.62","171.80","171.35","637.67K","0.15%"
"01/15/2020","171.46","171.05","171.72","171.01","672.85K","0.26%"
"01/14/2020","171.01","170.74","171.08","170.65","694.22K","0.15%"
"01/13/2020","170.76","171.36","171.43","170.71","611.44K","-0.34%"
"01/10/2020","171.35","171.31","171.43","170.85","555.74K","0.12%"
"01/09/2020","171.14","171.31","171.51","171.01","732.94K","-0.37%"
"01/08/2020","171.78","172.50","173.22","171.26","825.68K","-0.20%"
"01/07/2020","172.12","172.21","172.31","171.91","582.59K","-0.07%"
"01/06/2020","172.24","172.45","172.60","172.07","496.41K","0.07%"
"01/03/2020","172.12","171.10","172.38","171.10","528.22K","0.50%"
"01/02/2020","171.26","170.54","171.42","170.19","509.18K","0.45%"